"1","3","1","1","20000","1","5","due",,"092201L101",,,,,"no",NULL,NULL,NULL,NULL,NULL,NULL,NULL,,NULL,"yes",NULL,NULL,NULL,NULL,"No",NULL,NULL,"Sep,2022",NULL,"2022-09-30 05:14:36",NULL
"2","3","1","1","20000","2","5","due",,"092201L101",,,,,"no",NULL,NULL,NULL,NULL,NULL,NULL,NULL,,NULL,"yes",NULL,NULL,NULL,NULL,"No",NULL,NULL,"Oct,2022",NULL,"2022-09-30 05:14:36",NULL
"3","3","1","1","20000","3","5","due",,"092201L101",,,,,"no",NULL,NULL,NULL,NULL,NULL,NULL,NULL,,NULL,"yes",NULL,NULL,NULL,NULL,"No",NULL,NULL,"Nov,2022",NULL,"2022-09-30 05:14:36",NULL
"4","3","1","1","20000","4","5","due",,"092201L101",,,,,"no",NULL,NULL,NULL,NULL,NULL,NULL,NULL,,NULL,"yes",NULL,NULL,NULL,NULL,"No",NULL,NULL,"Dec,2022",NULL,"2022-09-30 05:14:36",NULL
"5","3","1","1","20000","5","5","due",,"092201L101",,,,,"no",NULL,NULL,NULL,NULL,NULL,NULL,NULL,,NULL,"yes",NULL,NULL,NULL,NULL,"No",NULL,NULL,"Jan,2023",NULL,"2022-09-30 05:14:36",NULL
"6","10","1","1","20000","1","5","paid",,"092201L102",,,,,"no",NULL,NULL,NULL,NULL,NULL,NULL,NULL,,NULL,"yes",NULL,NULL,NULL,NULL,"No",NULL,NULL,"Sep,2022",NULL,"2022-09-30 05:14:40",NULL
"7","10","1","1","20000","2","5","due",,"092201L102",,,,,"no",NULL,NULL,NULL,NULL,NULL,NULL,NULL,,NULL,"yes",NULL,NULL,NULL,NULL,"No",NULL,NULL,"Oct,2022",NULL,"2022-09-30 05:14:40",NULL
"8","10","1","1","20000","3","5","due",,"092201L102",,,,,"no",NULL,NULL,NULL,NULL,NULL,NULL,NULL,,NULL,"yes",NULL,NULL,NULL,NULL,"No",NULL,NULL,"Nov,2022",NULL,"2022-09-30 05:14:40",NULL
"9","10","1","1","20000","4","5","due",,"092201L102",,,,,"no",NULL,NULL,NULL,NULL,NULL,NULL,NULL,,NULL,"yes",NULL,NULL,NULL,NULL,"No",NULL,NULL,"Dec,2022",NULL,"2022-09-30 05:14:40",NULL
"10","10","1","1","20000","5","5","due",,"092201L102",,,,,"no",NULL,NULL,NULL,NULL,NULL,NULL,NULL,,NULL,"yes",NULL,NULL,NULL,NULL,"No",NULL,NULL,"Jan,2023",NULL,"2022-09-30 05:14:40",NULL
"11","7","1","1","20000","1","5","due",,"092201L103",,,,,"no",NULL,NULL,NULL,NULL,NULL,NULL,NULL,,NULL,"yes",NULL,NULL,NULL,NULL,"No",NULL,NULL,"Sep,2022",NULL,"2022-09-30 05:14:45",NULL
"12","7","1","1","20000","2","5","due",,"092201L103",,,,,"no",NULL,NULL,NULL,NULL,NULL,NULL,NULL,,NULL,"yes",NULL,NULL,NULL,NULL,"No",NULL,NULL,"Oct,2022",NULL,"2022-09-30 05:14:45",NULL
"13","7","1","1","20000","3","5","due",,"092201L103",,,,,"no",NULL,NULL,NULL,NULL,NULL,NULL,NULL,,NULL,"yes",NULL,NULL,NULL,NULL,"No",NULL,NULL,"Nov,2022",NULL,"2022-09-30 05:14:45",NULL
"14","7","1","1","20000","4","5","due",,"092201L103",,,,,"no",NULL,NULL,NULL,NULL,NULL,NULL,NULL,,NULL,"yes",NULL,NULL,NULL,NULL,"No",NULL,NULL,"Dec,2022",NULL,"2022-09-30 05:14:45",NULL
"15","7","1","1","20000","5","5","due",,"092201L103",,,,,"no",NULL,NULL,NULL,NULL,NULL,NULL,NULL,,NULL,"yes",NULL,NULL,NULL,NULL,"No",NULL,NULL,"Jan,2023",NULL,"2022-09-30 05:14:45",NULL
"16","1","1","1","20000","1","5","paid",,"092201L104",,,,,"no",NULL,NULL,NULL,NULL,NULL,NULL,NULL,,NULL,"yes",NULL,NULL,NULL,NULL,"No",NULL,NULL,"Sep,2022",NULL,"2022-09-30 05:14:57",NULL
"17","1","1","1","20000","2","5","due",,"092201L104",,,,,"no",NULL,NULL,NULL,NULL,NULL,NULL,NULL,,NULL,"yes",NULL,NULL,NULL,NULL,"No",NULL,NULL,"Oct,2022",NULL,"2022-09-30 05:14:57",NULL
"18","1","1","1","20000","3","5","due",,"092201L104",,,,,"no",NULL,NULL,NULL,NULL,NULL,NULL,NULL,,NULL,"yes",NULL,NULL,NULL,NULL,"No",NULL,NULL,"Nov,2022",NULL,"2022-09-30 05:14:57",NULL
"19","1","1","1","20000","4","5","due",,"092201L104",,,,,"no",NULL,NULL,NULL,NULL,NULL,NULL,NULL,,NULL,"yes",NULL,NULL,NULL,NULL,"No",NULL,NULL,"Dec,2022",NULL,"2022-09-30 05:14:57",NULL
"20","1","1","1","20000","5","5","due",,"092201L104",,,,,"no",NULL,NULL,NULL,NULL,NULL,NULL,NULL,,NULL,"yes",NULL,NULL,NULL,NULL,"No",NULL,NULL,"Jan,2023",NULL,"2022-09-30 05:14:57",NULL
"21","2","1","1","20000","1","5","due",,"092201L105",,,,,"no",NULL,NULL,NULL,NULL,NULL,NULL,NULL,,NULL,"yes",NULL,NULL,NULL,NULL,"No",NULL,NULL,"Sep,2022",NULL,"2022-09-30 05:15:03",NULL
"22","2","1","1","20000","2","5","due",,"092201L105",,,,,"no",NULL,NULL,NULL,NULL,NULL,NULL,NULL,,NULL,"yes",NULL,NULL,NULL,NULL,"No",NULL,NULL,"Oct,2022",NULL,"2022-09-30 05:15:03",NULL
"23","2","1","1","20000","3","5","due",,"092201L105",,,,,"no",NULL,NULL,NULL,NULL,NULL,NULL,NULL,,NULL,"yes",NULL,NULL,NULL,NULL,"No",NULL,NULL,"Nov,2022",NULL,"2022-09-30 05:15:03",NULL
"24","2","1","1","20000","4","5","due",,"092201L105",,,,,"no",NULL,NULL,NULL,NULL,NULL,NULL,NULL,,NULL,"yes",NULL,NULL,NULL,NULL,"No",NULL,NULL,"Dec,2022",NULL,"2022-09-30 05:15:03",NULL
"25","2","1","1","20000","5","5","due",,"092201L105",,,,,"no",NULL,NULL,NULL,NULL,NULL,NULL,NULL,,NULL,"yes",NULL,NULL,NULL,NULL,"No",NULL,NULL,"Jan,2023",NULL,"2022-09-30 05:15:03",NULL
"26","4","1","2","20000","1","5","due",,"092201L106",,,,,"no",NULL,NULL,NULL,NULL,NULL,NULL,NULL,,NULL,"yes",NULL,NULL,NULL,NULL,"No",NULL,NULL,"Sep,2022",NULL,"2022-09-30 05:15:09",NULL
"27","4","1","2","20000","2","5","due",,"092201L106",,,,,"no",NULL,NULL,NULL,NULL,NULL,NULL,NULL,,NULL,"yes",NULL,NULL,NULL,NULL,"No",NULL,NULL,"Oct,2022",NULL,"2022-09-30 05:15:09",NULL
"28","4","1","2","20000","3","5","due",,"092201L106",,,,,"no",NULL,NULL,NULL,NULL,NULL,NULL,NULL,,NULL,"yes",NULL,NULL,NULL,NULL,"No",NULL,NULL,"Nov,2022",NULL,"2022-09-30 05:15:09",NULL
"29","4","1","2","20000","4","5","due",,"092201L106",,,,,"no",NULL,NULL,NULL,NULL,NULL,NULL,NULL,,NULL,"yes",NULL,NULL,NULL,NULL,"No",NULL,NULL,"Dec,2022",NULL,"2022-09-30 05:15:09",NULL
"30","4","1","2","20000","5","5","due",,"092201L106",,,,,"no",NULL,NULL,NULL,NULL,NULL,NULL,NULL,,NULL,"yes",NULL,NULL,NULL,NULL,"No",NULL,NULL,"Jan,2023",NULL,"2022-09-30 05:15:09",NULL
"31","5","1","2","20000","1","5","due",,"092201L107",,,,,"no",NULL,NULL,NULL,NULL,NULL,NULL,NULL,,NULL,"yes",NULL,NULL,NULL,NULL,"No",NULL,NULL,"Sep,2022",NULL,"2022-09-30 05:15:18",NULL
"32","5","1","2","20000","2","5","due",,"092201L107",,,,,"no",NULL,NULL,NULL,NULL,NULL,NULL,NULL,,NULL,"yes",NULL,NULL,NULL,NULL,"No",NULL,NULL,"Oct,2022",NULL,"2022-09-30 05:15:18",NULL
"33","5","1","2","20000","3","5","due",,"092201L107",,,,,"no",NULL,NULL,NULL,NULL,NULL,NULL,NULL,,NULL,"yes",NULL,NULL,NULL,NULL,"No",NULL,NULL,"Nov,2022",NULL,"2022-09-30 05:15:18",NULL
"34","5","1","2","20000","4","5","due",,"092201L107",,,,,"no",NULL,NULL,NULL,NULL,NULL,NULL,NULL,,NULL,"yes",NULL,NULL,NULL,NULL,"No",NULL,NULL,"Dec,2022",NULL,"2022-09-30 05:15:18",NULL
"35","5","1","2","20000","5","5","due",,"092201L107",,,,,"no",NULL,NULL,NULL,NULL,NULL,NULL,NULL,,NULL,"yes",NULL,NULL,NULL,NULL,"No",NULL,NULL,"Jan,2023",NULL,"2022-09-30 05:15:18",NULL
"36","6","1","2","20000","1","5","due",,"092201L108",,,,,"no",NULL,NULL,NULL,NULL,NULL,NULL,NULL,,NULL,"yes",NULL,NULL,NULL,NULL,"No",NULL,NULL,"Sep,2022",NULL,"2022-09-30 05:15:28",NULL
"37","6","1","2","20000","2","5","due",,"092201L108",,,,,"no",NULL,NULL,NULL,NULL,NULL,NULL,NULL,,NULL,"yes",NULL,NULL,NULL,NULL,"No",NULL,NULL,"Oct,2022",NULL,"2022-09-30 05:15:28",NULL
"38","6","1","2","20000","3","5","due",,"092201L108",,,,,"no",NULL,NULL,NULL,NULL,NULL,NULL,NULL,,NULL,"yes",NULL,NULL,NULL,NULL,"No",NULL,NULL,"Nov,2022",NULL,"2022-09-30 05:15:28",NULL
"39","6","1","2","20000","4","5","due",,"092201L108",,,,,"no",NULL,NULL,NULL,NULL,NULL,NULL,NULL,,NULL,"yes",NULL,NULL,NULL,NULL,"No",NULL,NULL,"Dec,2022",NULL,"2022-09-30 05:15:28",NULL
"40","6","1","2","20000","5","5","due",,"092201L108",,,,,"no",NULL,NULL,NULL,NULL,NULL,NULL,NULL,,NULL,"yes",NULL,NULL,NULL,NULL,"No",NULL,NULL,"Jan,2023",NULL,"2022-09-30 05:15:28",NULL
"41","8","1","2","20000","1","5","due",,"092201L109",,,,,"no",NULL,NULL,NULL,NULL,NULL,NULL,NULL,,NULL,"yes",NULL,NULL,NULL,NULL,"No",NULL,NULL,"Sep,2022",NULL,"2022-09-30 05:15:44",NULL
"42","8","1","2","20000","2","5","due",,"092201L109",,,,,"no",NULL,NULL,NULL,NULL,NULL,NULL,NULL,,NULL,"yes",NULL,NULL,NULL,NULL,"No",NULL,NULL,"Oct,2022",NULL,"2022-09-30 05:15:44",NULL
"43","8","1","2","20000","3","5","due",,"092201L109",,,,,"no",NULL,NULL,NULL,NULL,NULL,NULL,NULL,,NULL,"yes",NULL,NULL,NULL,NULL,"No",NULL,NULL,"Nov,2022",NULL,"2022-09-30 05:15:44",NULL
"44","8","1","2","20000","4","5","due",,"092201L109",,,,,"no",NULL,NULL,NULL,NULL,NULL,NULL,NULL,,NULL,"yes",NULL,NULL,NULL,NULL,"No",NULL,NULL,"Dec,2022",NULL,"2022-09-30 05:15:44",NULL
"45","8","1","2","20000","5","5","due",,"092201L109",,,,,"no",NULL,NULL,NULL,NULL,NULL,NULL,NULL,,NULL,"yes",NULL,NULL,NULL,NULL,"No",NULL,NULL,"Jan,2023",NULL,"2022-09-30 05:15:44",NULL
"46","9","1","2","20000","1","5","due",,"092201L1010",,,,,"no",NULL,NULL,NULL,NULL,NULL,NULL,NULL,,NULL,"yes",NULL,NULL,NULL,NULL,"No",NULL,NULL,"Sep,2022",NULL,"2022-09-30 05:16:03",NULL
"47","9","1","2","20000","2","5","due",,"092201L1010",,,,,"no",NULL,NULL,NULL,NULL,NULL,NULL,NULL,,NULL,"yes",NULL,NULL,NULL,NULL,"No",NULL,NULL,"Oct,2022",NULL,"2022-09-30 05:16:03",NULL
"48","9","1","2","20000","3","5","due",,"092201L1010",,,,,"no",NULL,NULL,NULL,NULL,NULL,NULL,NULL,,NULL,"yes",NULL,NULL,NULL,NULL,"No",NULL,NULL,"Nov,2022",NULL,"2022-09-30 05:16:03",NULL
"49","9","1","2","20000","4","5","due",,"092201L1010",,,,,"no",NULL,NULL,NULL,NULL,NULL,NULL,NULL,,NULL,"yes",NULL,NULL,NULL,NULL,"No",NULL,NULL,"Dec,2022",NULL,"2022-09-30 05:16:03",NULL
"50","9","1","2","20000","5","5","due",,"092201L1010",,,,,"no",NULL,NULL,NULL,NULL,NULL,NULL,NULL,,NULL,"yes",NULL,NULL,NULL,NULL,"No",NULL,NULL,"Jan,2023",NULL,"2022-09-30 05:16:03",NULL
"51","1","5","8","2000","1","5","paid",,"1022501",,,,,"no",NULL,NULL,NULL,NULL,NULL,NULL,NULL,,NULL,"yes",NULL,NULL,NULL,NULL,"No",NULL,NULL,"Oct,2022",NULL,"2022-10-04 01:06:58",NULL
"52","1","5","8","2000","2","5","due",,"1022501",,,,,"no",NULL,NULL,NULL,NULL,NULL,NULL,NULL,,NULL,"yes",NULL,NULL,NULL,NULL,"No",NULL,NULL,"Nov,2022",NULL,"2022-10-04 01:06:58",NULL
"53","1","5","8","2000","3","5","due",,"1022501",,,,,"no",NULL,NULL,NULL,NULL,NULL,NULL,NULL,,NULL,"yes",NULL,NULL,NULL,NULL,"No",NULL,NULL,"Dec,2022",NULL,"2022-10-04 01:06:58",NULL
"54","1","5","8","2000","4","5","due",,"1022501",,,,,"no",NULL,NULL,NULL,NULL,NULL,NULL,NULL,,NULL,"yes",NULL,NULL,NULL,NULL,"No",NULL,NULL,"Jan,2023",NULL,"2022-10-04 01:06:58",NULL
"55","1","5","8","2000","5","5","due",,"1022501",,,,,"no",NULL,NULL,NULL,NULL,NULL,NULL,NULL,,NULL,"yes",NULL,NULL,NULL,NULL,"No",NULL,NULL,"Feb,2023",NULL,"2022-10-04 01:06:58",NULL
"56","2","5","8","2000","1","5","due",,"1022502",,,,,"no",NULL,NULL,NULL,NULL,NULL,NULL,NULL,,NULL,"yes",NULL,NULL,NULL,NULL,"No",NULL,NULL,"Oct,2022",NULL,"2022-10-04 01:07:03",NULL
"57","2","5","8","2000","2","5","due",,"1022502",,,,,"no",NULL,NULL,NULL,NULL,NULL,NULL,NULL,,NULL,"yes",NULL,NULL,NULL,NULL,"No",NULL,NULL,"Nov,2022",NULL,"2022-10-04 01:07:03",NULL
"58","2","5","8","2000","3","5","due",,"1022502",,,,,"no",NULL,NULL,NULL,NULL,NULL,NULL,NULL,,NULL,"yes",NULL,NULL,NULL,NULL,"No",NULL,NULL,"Dec,2022",NULL,"2022-10-04 01:07:03",NULL
"59","2","5","8","2000","4","5","due",,"1022502",,,,,"no",NULL,NULL,NULL,NULL,NULL,NULL,NULL,,NULL,"yes",NULL,NULL,NULL,NULL,"No",NULL,NULL,"Jan,2023",NULL,"2022-10-04 01:07:03",NULL
"60","2","5","8","2000","5","5","due",,"1022502",,,,,"no",NULL,NULL,NULL,NULL,NULL,NULL,NULL,,NULL,"yes",NULL,NULL,NULL,NULL,"No",NULL,NULL,"Feb,2023",NULL,"2022-10-04 01:07:03",NULL
"61","3","5","8","2000","1","5","due",,"1022503",,,,,"no",NULL,NULL,NULL,NULL,NULL,NULL,NULL,,NULL,"yes",NULL,NULL,NULL,NULL,"No",NULL,NULL,"Oct,2022",NULL,"2022-10-04 01:07:08",NULL
"62","3","5","8","2000","2","5","due",,"1022503",,,,,"no",NULL,NULL,NULL,NULL,NULL,NULL,NULL,,NULL,"yes",NULL,NULL,NULL,NULL,"No",NULL,NULL,"Nov,2022",NULL,"2022-10-04 01:07:08",NULL
"63","3","5","8","2000","3","5","due",,"1022503",,,,,"no",NULL,NULL,NULL,NULL,NULL,NULL,NULL,,NULL,"yes",NULL,NULL,NULL,NULL,"No",NULL,NULL,"Dec,2022",NULL,"2022-10-04 01:07:08",NULL
"64","3","5","8","2000","4","5","due",,"1022503",,,,,"no",NULL,NULL,NULL,NULL,NULL,NULL,NULL,,NULL,"yes",NULL,NULL,NULL,NULL,"No",NULL,NULL,"Jan,2023",NULL,"2022-10-04 01:07:08",NULL
"65","3","5","8","2000","5","5","due",,"1022503",,,,,"no",NULL,NULL,NULL,NULL,NULL,NULL,NULL,,NULL,"yes",NULL,NULL,NULL,NULL,"No",NULL,NULL,"Feb,2023",NULL,"2022-10-04 01:07:08",NULL
"66","3","5","8","2000","1","5","due",,"1022504",,,,,"no",NULL,NULL,NULL,NULL,NULL,NULL,NULL,,NULL,"yes",NULL,NULL,NULL,NULL,"No",NULL,NULL,"Oct,2022",NULL,"2022-10-04 01:07:14",NULL
"67","3","5","8","2000","2","5","due",,"1022504",,,,,"no",NULL,NULL,NULL,NULL,NULL,NULL,NULL,,NULL,"yes",NULL,NULL,NULL,NULL,"No",NULL,NULL,"Nov,2022",NULL,"2022-10-04 01:07:14",NULL
"68","3","5","8","2000","3","5","due",,"1022504",,,,,"no",NULL,NULL,NULL,NULL,NULL,NULL,NULL,,NULL,"yes",NULL,NULL,NULL,NULL,"No",NULL,NULL,"Dec,2022",NULL,"2022-10-04 01:07:14",NULL
"69","3","5","8","2000","4","5","due",,"1022504",,,,,"no",NULL,NULL,NULL,NULL,NULL,NULL,NULL,,NULL,"yes",NULL,NULL,NULL,NULL,"No",NULL,NULL,"Jan,2023",NULL,"2022-10-04 01:07:14",NULL
"70","3","5","8","2000","5","5","due",,"1022504",,,,,"no",NULL,NULL,NULL,NULL,NULL,NULL,NULL,,NULL,"yes",NULL,NULL,NULL,NULL,"No",NULL,NULL,"Feb,2023",NULL,"2022-10-04 01:07:14",NULL
"71","10","5","8","2000","1","5","due",,"1022505",,,,,"no",NULL,NULL,NULL,NULL,NULL,NULL,NULL,,NULL,"yes",NULL,NULL,NULL,NULL,"No",NULL,NULL,"Oct,2022",NULL,"2022-10-04 01:07:21",NULL
"72","10","5","8","2000","2","5","due",,"1022505",,,,,"no",NULL,NULL,NULL,NULL,NULL,NULL,NULL,,NULL,"yes",NULL,NULL,NULL,NULL,"No",NULL,NULL,"Nov,2022",NULL,"2022-10-04 01:07:21",NULL
"73","10","5","8","2000","3","5","due",,"1022505",,,,,"no",NULL,NULL,NULL,NULL,NULL,NULL,NULL,,NULL,"yes",NULL,NULL,NULL,NULL,"No",NULL,NULL,"Dec,2022",NULL,"2022-10-04 01:07:21",NULL
"74","10","5","8","2000","4","5","due",,"1022505",,,,,"no",NULL,NULL,NULL,NULL,NULL,NULL,NULL,,NULL,"yes",NULL,NULL,NULL,NULL,"No",NULL,NULL,"Jan,2023",NULL,"2022-10-04 01:07:21",NULL
"75","10","5","8","2000","5","5","due",,"1022505",,,,,"no",NULL,NULL,NULL,NULL,NULL,NULL,NULL,,NULL,"yes",NULL,NULL,NULL,NULL,"No",NULL,NULL,"Feb,2023",NULL,"2022-10-04 01:07:21",NULL
"76","2","6","9","10000","1","10","due",,"102201L601",,,,,"no",NULL,NULL,NULL,NULL,NULL,NULL,NULL,,NULL,"yes",NULL,NULL,NULL,NULL,"No",NULL,NULL,"Oct,2022",NULL,"2022-10-14 11:33:29",NULL
"77","2","6","9","10000","2","10","due",,"102201L601",,,,,"no",NULL,NULL,NULL,NULL,NULL,NULL,NULL,,NULL,"yes",NULL,NULL,NULL,NULL,"No",NULL,NULL,"Nov,2022",NULL,"2022-10-14 11:33:29",NULL
"78","2","6","9","10000","3","10","due",,"102201L601",,,,,"no",NULL,NULL,NULL,NULL,NULL,NULL,NULL,,NULL,"yes",NULL,NULL,NULL,NULL,"No",NULL,NULL,"Dec,2022",NULL,"2022-10-14 11:33:29",NULL
"79","2","6","9","10000","4","10","due",,"102201L601",,,,,"no",NULL,NULL,NULL,NULL,NULL,NULL,NULL,,NULL,"yes",NULL,NULL,NULL,NULL,"No",NULL,NULL,"Jan,2023",NULL,"2022-10-14 11:33:29",NULL
"80","2","6","9","10000","5","10","due",,"102201L601",,,,,"no",NULL,NULL,NULL,NULL,NULL,NULL,NULL,,NULL,"yes",NULL,NULL,NULL,NULL,"No",NULL,NULL,"Feb,2023",NULL,"2022-10-14 11:33:29",NULL
"81","2","6","9","10000","6","10","due",,"102201L601",,,,,"no",NULL,NULL,NULL,NULL,NULL,NULL,NULL,,NULL,"yes",NULL,NULL,NULL,NULL,"No",NULL,NULL,"Mar,2023",NULL,"2022-10-14 11:33:29",NULL
"82","2","6","9","10000","7","10","due",,"102201L601",,,,,"no",NULL,NULL,NULL,NULL,NULL,NULL,NULL,,NULL,"yes",NULL,NULL,NULL,NULL,"No",NULL,NULL,"Apr,2023",NULL,"2022-10-14 11:33:29",NULL
"83","2","6","9","10000","8","10","due",,"102201L601",,,,,"no",NULL,NULL,NULL,NULL,NULL,NULL,NULL,,NULL,"yes",NULL,NULL,NULL,NULL,"No",NULL,NULL,"May,2023",NULL,"2022-10-14 11:33:29",NULL
"84","2","6","9","10000","9","10","due",,"102201L601",,,,,"no",NULL,NULL,NULL,NULL,NULL,NULL,NULL,,NULL,"yes",NULL,NULL,NULL,NULL,"No",NULL,NULL,"Jun,2023",NULL,"2022-10-14 11:33:29",NULL
"85","2","6","9","10000","10","10","due",,"102201L601",,,,,"no",NULL,NULL,NULL,NULL,NULL,NULL,NULL,,NULL,"yes",NULL,NULL,NULL,NULL,"No",NULL,NULL,"Jul,2023",NULL,"2022-10-14 11:33:29",NULL
"86","10","6","9","10000","1","10","due",,"102201L602",,,,,"no",NULL,NULL,NULL,NULL,NULL,NULL,NULL,,NULL,"yes",NULL,NULL,NULL,NULL,"No",NULL,NULL,"Oct,2022",NULL,"2022-10-14 11:33:32",NULL
"87","10","6","9","10000","2","10","due",,"102201L602",,,,,"no",NULL,NULL,NULL,NULL,NULL,NULL,NULL,,NULL,"yes",NULL,NULL,NULL,NULL,"No",NULL,NULL,"Nov,2022",NULL,"2022-10-14 11:33:32",NULL
"88","10","6","9","10000","3","10","due",,"102201L602",,,,,"no",NULL,NULL,NULL,NULL,NULL,NULL,NULL,,NULL,"yes",NULL,NULL,NULL,NULL,"No",NULL,NULL,"Dec,2022",NULL,"2022-10-14 11:33:32",NULL
"89","10","6","9","10000","4","10","due",,"102201L602",,,,,"no",NULL,NULL,NULL,NULL,NULL,NULL,NULL,,NULL,"yes",NULL,NULL,NULL,NULL,"No",NULL,NULL,"Jan,2023",NULL,"2022-10-14 11:33:32",NULL
"90","10","6","9","10000","5","10","due",,"102201L602",,,,,"no",NULL,NULL,NULL,NULL,NULL,NULL,NULL,,NULL,"yes",NULL,NULL,NULL,NULL,"No",NULL,NULL,"Feb,2023",NULL,"2022-10-14 11:33:32",NULL
"91","10","6","9","10000","6","10","due",,"102201L602",,,,,"no",NULL,NULL,NULL,NULL,NULL,NULL,NULL,,NULL,"yes",NULL,NULL,NULL,NULL,"No",NULL,NULL,"Mar,2023",NULL,"2022-10-14 11:33:32",NULL
"92","10","6","9","10000","7","10","due",,"102201L602",,,,,"no",NULL,NULL,NULL,NULL,NULL,NULL,NULL,,NULL,"yes",NULL,NULL,NULL,NULL,"No",NULL,NULL,"Apr,2023",NULL,"2022-10-14 11:33:32",NULL
"93","10","6","9","10000","8","10","due",,"102201L602",,,,,"no",NULL,NULL,NULL,NULL,NULL,NULL,NULL,,NULL,"yes",NULL,NULL,NULL,NULL,"No",NULL,NULL,"May,2023",NULL,"2022-10-14 11:33:32",NULL
"94","10","6","9","10000","9","10","due",,"102201L602",,,,,"no",NULL,NULL,NULL,NULL,NULL,NULL,NULL,,NULL,"yes",NULL,NULL,NULL,NULL,"No",NULL,NULL,"Jun,2023",NULL,"2022-10-14 11:33:32",NULL
"95","10","6","9","10000","10","10","due",,"102201L602",,,,,"no",NULL,NULL,NULL,NULL,NULL,NULL,NULL,,NULL,"yes",NULL,NULL,NULL,NULL,"No",NULL,NULL,"Jul,2023",NULL,"2022-10-14 11:33:32",NULL
"96","10","6","9","10000","1","10","due",,"102201L603",,,,,"no",NULL,NULL,NULL,NULL,NULL,NULL,NULL,,NULL,"yes",NULL,NULL,NULL,NULL,"No",NULL,NULL,"Oct,2022",NULL,"2022-10-14 11:33:35",NULL
"97","10","6","9","10000","2","10","due",,"102201L603",,,,,"no",NULL,NULL,NULL,NULL,NULL,NULL,NULL,,NULL,"yes",NULL,NULL,NULL,NULL,"No",NULL,NULL,"Nov,2022",NULL,"2022-10-14 11:33:35",NULL
"98","10","6","9","10000","3","10","due",,"102201L603",,,,,"no",NULL,NULL,NULL,NULL,NULL,NULL,NULL,,NULL,"yes",NULL,NULL,NULL,NULL,"No",NULL,NULL,"Dec,2022",NULL,"2022-10-14 11:33:35",NULL
"99","10","6","9","10000","4","10","due",,"102201L603",,,,,"no",NULL,NULL,NULL,NULL,NULL,NULL,NULL,,NULL,"yes",NULL,NULL,NULL,NULL,"No",NULL,NULL,"Jan,2023",NULL,"2022-10-14 11:33:35",NULL
"100","10","6","9","10000","5","10","due",,"102201L603",,,,,"no",NULL,NULL,NULL,NULL,NULL,NULL,NULL,,NULL,"yes",NULL,NULL,NULL,NULL,"No",NULL,NULL,"Feb,2023",NULL,"2022-10-14 11:33:35",NULL
"101","10","6","9","10000","6","10","due",,"102201L603",,,,,"no",NULL,NULL,NULL,NULL,NULL,NULL,NULL,,NULL,"yes",NULL,NULL,NULL,NULL,"No",NULL,NULL,"Mar,2023",NULL,"2022-10-14 11:33:35",NULL
"102","10","6","9","10000","7","10","due",,"102201L603",,,,,"no",NULL,NULL,NULL,NULL,NULL,NULL,NULL,,NULL,"yes",NULL,NULL,NULL,NULL,"No",NULL,NULL,"Apr,2023",NULL,"2022-10-14 11:33:35",NULL
"103","10","6","9","10000","8","10","due",,"102201L603",,,,,"no",NULL,NULL,NULL,NULL,NULL,NULL,NULL,,NULL,"yes",NULL,NULL,NULL,NULL,"No",NULL,NULL,"May,2023",NULL,"2022-10-14 11:33:35",NULL
"104","10","6","9","10000","9","10","due",,"102201L603",,,,,"no",NULL,NULL,NULL,NULL,NULL,NULL,NULL,,NULL,"yes",NULL,NULL,NULL,NULL,"No",NULL,NULL,"Jun,2023",NULL,"2022-10-14 11:33:35",NULL
"105","10","6","9","10000","10","10","due",,"102201L603",,,,,"no",NULL,NULL,NULL,NULL,NULL,NULL,NULL,,NULL,"yes",NULL,NULL,NULL,NULL,"No",NULL,NULL,"Jul,2023",NULL,"2022-10-14 11:33:35",NULL
"106","8","6","9","10000","1","10","due",,"102201L604",,,,,"no",NULL,NULL,NULL,NULL,NULL,NULL,NULL,,NULL,"yes",NULL,NULL,NULL,NULL,"No",NULL,NULL,"Oct,2022",NULL,"2022-10-14 11:33:39",NULL
"107","8","6","9","10000","2","10","due",,"102201L604",,,,,"no",NULL,NULL,NULL,NULL,NULL,NULL,NULL,,NULL,"yes",NULL,NULL,NULL,NULL,"No",NULL,NULL,"Nov,2022",NULL,"2022-10-14 11:33:39",NULL
"108","8","6","9","10000","3","10","due",,"102201L604",,,,,"no",NULL,NULL,NULL,NULL,NULL,NULL,NULL,,NULL,"yes",NULL,NULL,NULL,NULL,"No",NULL,NULL,"Dec,2022",NULL,"2022-10-14 11:33:39",NULL
"109","8","6","9","10000","4","10","due",,"102201L604",,,,,"no",NULL,NULL,NULL,NULL,NULL,NULL,NULL,,NULL,"yes",NULL,NULL,NULL,NULL,"No",NULL,NULL,"Jan,2023",NULL,"2022-10-14 11:33:39",NULL
"110","8","6","9","10000","5","10","due",,"102201L604",,,,,"no",NULL,NULL,NULL,NULL,NULL,NULL,NULL,,NULL,"yes",NULL,NULL,NULL,NULL,"No",NULL,NULL,"Feb,2023",NULL,"2022-10-14 11:33:39",NULL
"111","8","6","9","10000","6","10","due",,"102201L604",,,,,"no",NULL,NULL,NULL,NULL,NULL,NULL,NULL,,NULL,"yes",NULL,NULL,NULL,NULL,"No",NULL,NULL,"Mar,2023",NULL,"2022-10-14 11:33:39",NULL
"112","8","6","9","10000","7","10","due",,"102201L604",,,,,"no",NULL,NULL,NULL,NULL,NULL,NULL,NULL,,NULL,"yes",NULL,NULL,NULL,NULL,"No",NULL,NULL,"Apr,2023",NULL,"2022-10-14 11:33:39",NULL
"113","8","6","9","10000","8","10","due",,"102201L604",,,,,"no",NULL,NULL,NULL,NULL,NULL,NULL,NULL,,NULL,"yes",NULL,NULL,NULL,NULL,"No",NULL,NULL,"May,2023",NULL,"2022-10-14 11:33:39",NULL
"114","8","6","9","10000","9","10","due",,"102201L604",,,,,"no",NULL,NULL,NULL,NULL,NULL,NULL,NULL,,NULL,"yes",NULL,NULL,NULL,NULL,"No",NULL,NULL,"Jun,2023",NULL,"2022-10-14 11:33:39",NULL
"115","8","6","9","10000","10","10","due",,"102201L604",,,,,"no",NULL,NULL,NULL,NULL,NULL,NULL,NULL,,NULL,"yes",NULL,NULL,NULL,NULL,"No",NULL,NULL,"Jul,2023",NULL,"2022-10-14 11:33:39",NULL
"116","2","6","9","10000","1","10","due",,"102201L605",,,,,"no",NULL,NULL,NULL,NULL,NULL,NULL,NULL,,NULL,"yes",NULL,NULL,NULL,NULL,"No",NULL,NULL,"Oct,2022",NULL,"2022-10-14 11:33:42",NULL
"117","2","6","9","10000","2","10","due",,"102201L605",,,,,"no",NULL,NULL,NULL,NULL,NULL,NULL,NULL,,NULL,"yes",NULL,NULL,NULL,NULL,"No",NULL,NULL,"Nov,2022",NULL,"2022-10-14 11:33:42",NULL
"118","2","6","9","10000","3","10","due",,"102201L605",,,,,"no",NULL,NULL,NULL,NULL,NULL,NULL,NULL,,NULL,"yes",NULL,NULL,NULL,NULL,"No",NULL,NULL,"Dec,2022",NULL,"2022-10-14 11:33:42",NULL
"119","2","6","9","10000","4","10","due",,"102201L605",,,,,"no",NULL,NULL,NULL,NULL,NULL,NULL,NULL,,NULL,"yes",NULL,NULL,NULL,NULL,"No",NULL,NULL,"Jan,2023",NULL,"2022-10-14 11:33:42",NULL
"120","2","6","9","10000","5","10","due",,"102201L605",,,,,"no",NULL,NULL,NULL,NULL,NULL,NULL,NULL,,NULL,"yes",NULL,NULL,NULL,NULL,"No",NULL,NULL,"Feb,2023",NULL,"2022-10-14 11:33:42",NULL
"121","2","6","9","10000","6","10","due",,"102201L605",,,,,"no",NULL,NULL,NULL,NULL,NULL,NULL,NULL,,NULL,"yes",NULL,NULL,NULL,NULL,"No",NULL,NULL,"Mar,2023",NULL,"2022-10-14 11:33:42",NULL
"122","2","6","9","10000","7","10","due",,"102201L605",,,,,"no",NULL,NULL,NULL,NULL,NULL,NULL,NULL,,NULL,"yes",NULL,NULL,NULL,NULL,"No",NULL,NULL,"Apr,2023",NULL,"2022-10-14 11:33:42",NULL
"123","2","6","9","10000","8","10","due",,"102201L605",,,,,"no",NULL,NULL,NULL,NULL,NULL,NULL,NULL,,NULL,"yes",NULL,NULL,NULL,NULL,"No",NULL,NULL,"May,2023",NULL,"2022-10-14 11:33:42",NULL
"124","2","6","9","10000","9","10","due",,"102201L605",,,,,"no",NULL,NULL,NULL,NULL,NULL,NULL,NULL,,NULL,"yes",NULL,NULL,NULL,NULL,"No",NULL,NULL,"Jun,2023",NULL,"2022-10-14 11:33:42",NULL
"125","2","6","9","10000","10","10","due",,"102201L605",,,,,"no",NULL,NULL,NULL,NULL,NULL,NULL,NULL,,NULL,"yes",NULL,NULL,NULL,NULL,"No",NULL,NULL,"Jul,2023",NULL,"2022-10-14 11:33:42",NULL
"126","6","6","9","10000","1","10","due",,"102201L606",,,,,"no",NULL,NULL,NULL,NULL,NULL,NULL,NULL,,NULL,"yes",NULL,NULL,NULL,NULL,"No",NULL,NULL,"Oct,2022",NULL,"2022-10-14 11:33:45",NULL
"127","6","6","9","10000","2","10","due",,"102201L606",,,,,"no",NULL,NULL,NULL,NULL,NULL,NULL,NULL,,NULL,"yes",NULL,NULL,NULL,NULL,"No",NULL,NULL,"Nov,2022",NULL,"2022-10-14 11:33:45",NULL
"128","6","6","9","10000","3","10","due",,"102201L606",,,,,"no",NULL,NULL,NULL,NULL,NULL,NULL,NULL,,NULL,"yes",NULL,NULL,NULL,NULL,"No",NULL,NULL,"Dec,2022",NULL,"2022-10-14 11:33:45",NULL
"129","6","6","9","10000","4","10","due",,"102201L606",,,,,"no",NULL,NULL,NULL,NULL,NULL,NULL,NULL,,NULL,"yes",NULL,NULL,NULL,NULL,"No",NULL,NULL,"Jan,2023",NULL,"2022-10-14 11:33:45",NULL
"130","6","6","9","10000","5","10","due",,"102201L606",,,,,"no",NULL,NULL,NULL,NULL,NULL,NULL,NULL,,NULL,"yes",NULL,NULL,NULL,NULL,"No",NULL,NULL,"Feb,2023",NULL,"2022-10-14 11:33:45",NULL
"131","6","6","9","10000","6","10","due",,"102201L606",,,,,"no",NULL,NULL,NULL,NULL,NULL,NULL,NULL,,NULL,"yes",NULL,NULL,NULL,NULL,"No",NULL,NULL,"Mar,2023",NULL,"2022-10-14 11:33:45",NULL
"132","6","6","9","10000","7","10","due",,"102201L606",,,,,"no",NULL,NULL,NULL,NULL,NULL,NULL,NULL,,NULL,"yes",NULL,NULL,NULL,NULL,"No",NULL,NULL,"Apr,2023",NULL,"2022-10-14 11:33:45",NULL
"133","6","6","9","10000","8","10","due",,"102201L606",,,,,"no",NULL,NULL,NULL,NULL,NULL,NULL,NULL,,NULL,"yes",NULL,NULL,NULL,NULL,"No",NULL,NULL,"May,2023",NULL,"2022-10-14 11:33:45",NULL
"134","6","6","9","10000","9","10","due",,"102201L606",,,,,"no",NULL,NULL,NULL,NULL,NULL,NULL,NULL,,NULL,"yes",NULL,NULL,NULL,NULL,"No",NULL,NULL,"Jun,2023",NULL,"2022-10-14 11:33:45",NULL
"135","6","6","9","10000","10","10","due",,"102201L606",,,,,"no",NULL,NULL,NULL,NULL,NULL,NULL,NULL,,NULL,"yes",NULL,NULL,NULL,NULL,"No",NULL,NULL,"Jul,2023",NULL,"2022-10-14 11:33:45",NULL
"136","1","6","9","10000","1","10","paid",,"102201L607",,,,,"no",NULL,NULL,NULL,NULL,NULL,NULL,NULL,,NULL,"yes",NULL,NULL,NULL,NULL,"No",NULL,NULL,"Oct,2022",NULL,"2022-10-14 11:33:48",NULL
"137","1","6","9","10000","2","10","due",,"102201L607",,,,,"no",NULL,NULL,NULL,NULL,NULL,NULL,NULL,,NULL,"yes",NULL,NULL,NULL,NULL,"No",NULL,NULL,"Nov,2022",NULL,"2022-10-14 11:33:48",NULL
"138","1","6","9","10000","3","10","due",,"102201L607",,,,,"no",NULL,NULL,NULL,NULL,NULL,NULL,NULL,,NULL,"yes",NULL,NULL,NULL,NULL,"No",NULL,NULL,"Dec,2022",NULL,"2022-10-14 11:33:48",NULL
"139","1","6","9","10000","4","10","due",,"102201L607",,,,,"no",NULL,NULL,NULL,NULL,NULL,NULL,NULL,,NULL,"yes",NULL,NULL,NULL,NULL,"No",NULL,NULL,"Jan,2023",NULL,"2022-10-14 11:33:48",NULL
"140","1","6","9","10000","5","10","due",,"102201L607",,,,,"no",NULL,NULL,NULL,NULL,NULL,NULL,NULL,,NULL,"yes",NULL,NULL,NULL,NULL,"No",NULL,NULL,"Feb,2023",NULL,"2022-10-14 11:33:48",NULL
"141","1","6","9","10000","6","10","due",,"102201L607",,,,,"no",NULL,NULL,NULL,NULL,NULL,NULL,NULL,,NULL,"yes",NULL,NULL,NULL,NULL,"No",NULL,NULL,"Mar,2023",NULL,"2022-10-14 11:33:48",NULL
"142","1","6","9","10000","7","10","due",,"102201L607",,,,,"no",NULL,NULL,NULL,NULL,NULL,NULL,NULL,,NULL,"yes",NULL,NULL,NULL,NULL,"No",NULL,NULL,"Apr,2023",NULL,"2022-10-14 11:33:48",NULL
"143","1","6","9","10000","8","10","due",,"102201L607",,,,,"no",NULL,NULL,NULL,NULL,NULL,NULL,NULL,,NULL,"yes",NULL,NULL,NULL,NULL,"No",NULL,NULL,"May,2023",NULL,"2022-10-14 11:33:48",NULL
"144","1","6","9","10000","9","10","due",,"102201L607",,,,,"no",NULL,NULL,NULL,NULL,NULL,NULL,NULL,,NULL,"yes",NULL,NULL,NULL,NULL,"No",NULL,NULL,"Jun,2023",NULL,"2022-10-14 11:33:48",NULL
"145","1","6","9","10000","10","10","due",,"102201L607",,,,,"no",NULL,NULL,NULL,NULL,NULL,NULL,NULL,,NULL,"yes",NULL,NULL,NULL,NULL,"No",NULL,NULL,"Jul,2023",NULL,"2022-10-14 11:33:48",NULL
"146","5","6","9","10000","1","10","due",,"102201L608",,,,,"no",NULL,NULL,NULL,NULL,NULL,NULL,NULL,,NULL,"yes",NULL,NULL,NULL,NULL,"No",NULL,NULL,"Oct,2022",NULL,"2022-10-14 11:33:52",NULL
"147","5","6","9","10000","2","10","due",,"102201L608",,,,,"no",NULL,NULL,NULL,NULL,NULL,NULL,NULL,,NULL,"yes",NULL,NULL,NULL,NULL,"No",NULL,NULL,"Nov,2022",NULL,"2022-10-14 11:33:52",NULL
"148","5","6","9","10000","3","10","due",,"102201L608",,,,,"no",NULL,NULL,NULL,NULL,NULL,NULL,NULL,,NULL,"yes",NULL,NULL,NULL,NULL,"No",NULL,NULL,"Dec,2022",NULL,"2022-10-14 11:33:52",NULL
"149","5","6","9","10000","4","10","due",,"102201L608",,,,,"no",NULL,NULL,NULL,NULL,NULL,NULL,NULL,,NULL,"yes",NULL,NULL,NULL,NULL,"No",NULL,NULL,"Jan,2023",NULL,"2022-10-14 11:33:52",NULL
"150","5","6","9","10000","5","10","due",,"102201L608",,,,,"no",NULL,NULL,NULL,NULL,NULL,NULL,NULL,,NULL,"yes",NULL,NULL,NULL,NULL,"No",NULL,NULL,"Feb,2023",NULL,"2022-10-14 11:33:52",NULL
"151","5","6","9","10000","6","10","due",,"102201L608",,,,,"no",NULL,NULL,NULL,NULL,NULL,NULL,NULL,,NULL,"yes",NULL,NULL,NULL,NULL,"No",NULL,NULL,"Mar,2023",NULL,"2022-10-14 11:33:52",NULL
"152","5","6","9","10000","7","10","due",,"102201L608",,,,,"no",NULL,NULL,NULL,NULL,NULL,NULL,NULL,,NULL,"yes",NULL,NULL,NULL,NULL,"No",NULL,NULL,"Apr,2023",NULL,"2022-10-14 11:33:52",NULL
"153","5","6","9","10000","8","10","due",,"102201L608",,,,,"no",NULL,NULL,NULL,NULL,NULL,NULL,NULL,,NULL,"yes",NULL,NULL,NULL,NULL,"No",NULL,NULL,"May,2023",NULL,"2022-10-14 11:33:52",NULL
"154","5","6","9","10000","9","10","due",,"102201L608",,,,,"no",NULL,NULL,NULL,NULL,NULL,NULL,NULL,,NULL,"yes",NULL,NULL,NULL,NULL,"No",NULL,NULL,"Jun,2023",NULL,"2022-10-14 11:33:52",NULL
"155","5","6","9","10000","10","10","due",,"102201L608",,,,,"no",NULL,NULL,NULL,NULL,NULL,NULL,NULL,,NULL,"yes",NULL,NULL,NULL,NULL,"No",NULL,NULL,"Jul,2023",NULL,"2022-10-14 11:33:52",NULL
"156","1","6","9","10000","1","10","paid",,"102201L609",,,,,"no",NULL,NULL,NULL,NULL,NULL,NULL,NULL,,NULL,"yes",NULL,NULL,NULL,NULL,"No",NULL,NULL,"Oct,2022",NULL,"2022-10-14 11:33:56",NULL
"157","1","6","9","10000","2","10","due",,"102201L609",,,,,"no",NULL,NULL,NULL,NULL,NULL,NULL,NULL,,NULL,"yes",NULL,NULL,NULL,NULL,"No",NULL,NULL,"Nov,2022",NULL,"2022-10-14 11:33:56",NULL
"158","1","6","9","10000","3","10","due",,"102201L609",,,,,"no",NULL,NULL,NULL,NULL,NULL,NULL,NULL,,NULL,"yes",NULL,NULL,NULL,NULL,"No",NULL,NULL,"Dec,2022",NULL,"2022-10-14 11:33:56",NULL
"159","1","6","9","10000","4","10","due",,"102201L609",,,,,"no",NULL,NULL,NULL,NULL,NULL,NULL,NULL,,NULL,"yes",NULL,NULL,NULL,NULL,"No",NULL,NULL,"Jan,2023",NULL,"2022-10-14 11:33:56",NULL
"160","1","6","9","10000","5","10","due",,"102201L609",,,,,"no",NULL,NULL,NULL,NULL,NULL,NULL,NULL,,NULL,"yes",NULL,NULL,NULL,NULL,"No",NULL,NULL,"Feb,2023",NULL,"2022-10-14 11:33:56",NULL
"161","1","6","9","10000","6","10","due",,"102201L609",,,,,"no",NULL,NULL,NULL,NULL,NULL,NULL,NULL,,NULL,"yes",NULL,NULL,NULL,NULL,"No",NULL,NULL,"Mar,2023",NULL,"2022-10-14 11:33:56",NULL
"162","1","6","9","10000","7","10","due",,"102201L609",,,,,"no",NULL,NULL,NULL,NULL,NULL,NULL,NULL,,NULL,"yes",NULL,NULL,NULL,NULL,"No",NULL,NULL,"Apr,2023",NULL,"2022-10-14 11:33:56",NULL
"163","1","6","9","10000","8","10","due",,"102201L609",,,,,"no",NULL,NULL,NULL,NULL,NULL,NULL,NULL,,NULL,"yes",NULL,NULL,NULL,NULL,"No",NULL,NULL,"May,2023",NULL,"2022-10-14 11:33:56",NULL
"164","1","6","9","10000","9","10","due",,"102201L609",,,,,"no",NULL,NULL,NULL,NULL,NULL,NULL,NULL,,NULL,"yes",NULL,NULL,NULL,NULL,"No",NULL,NULL,"Jun,2023",NULL,"2022-10-14 11:33:56",NULL
"165","1","6","9","10000","10","10","due",,"102201L609",,,,,"no",NULL,NULL,NULL,NULL,NULL,NULL,NULL,,NULL,"yes",NULL,NULL,NULL,NULL,"No",NULL,NULL,"Jul,2023",NULL,"2022-10-14 11:33:56",NULL
"166","6","6","9","10000","1","10","due",,"102201L610",,,,,"no",NULL,NULL,NULL,NULL,NULL,NULL,NULL,,NULL,"yes",NULL,NULL,NULL,NULL,"No",NULL,NULL,"Oct,2022",NULL,"2022-10-14 11:34:01",NULL
"167","6","6","9","10000","2","10","due",,"102201L610",,,,,"no",NULL,NULL,NULL,NULL,NULL,NULL,NULL,,NULL,"yes",NULL,NULL,NULL,NULL,"No",NULL,NULL,"Nov,2022",NULL,"2022-10-14 11:34:01",NULL
"168","6","6","9","10000","3","10","due",,"102201L610",,,,,"no",NULL,NULL,NULL,NULL,NULL,NULL,NULL,,NULL,"yes",NULL,NULL,NULL,NULL,"No",NULL,NULL,"Dec,2022",NULL,"2022-10-14 11:34:01",NULL
"169","6","6","9","10000","4","10","due",,"102201L610",,,,,"no",NULL,NULL,NULL,NULL,NULL,NULL,NULL,,NULL,"yes",NULL,NULL,NULL,NULL,"No",NULL,NULL,"Jan,2023",NULL,"2022-10-14 11:34:01",NULL
"170","6","6","9","10000","5","10","due",,"102201L610",,,,,"no",NULL,NULL,NULL,NULL,NULL,NULL,NULL,,NULL,"yes",NULL,NULL,NULL,NULL,"No",NULL,NULL,"Feb,2023",NULL,"2022-10-14 11:34:01",NULL
"171","6","6","9","10000","6","10","due",,"102201L610",,,,,"no",NULL,NULL,NULL,NULL,NULL,NULL,NULL,,NULL,"yes",NULL,NULL,NULL,NULL,"No",NULL,NULL,"Mar,2023",NULL,"2022-10-14 11:34:01",NULL
"172","6","6","9","10000","7","10","due",,"102201L610",,,,,"no",NULL,NULL,NULL,NULL,NULL,NULL,NULL,,NULL,"yes",NULL,NULL,NULL,NULL,"No",NULL,NULL,"Apr,2023",NULL,"2022-10-14 11:34:01",NULL
"173","6","6","9","10000","8","10","due",,"102201L610",,,,,"no",NULL,NULL,NULL,NULL,NULL,NULL,NULL,,NULL,"yes",NULL,NULL,NULL,NULL,"No",NULL,NULL,"May,2023",NULL,"2022-10-14 11:34:01",NULL
"174","6","6","9","10000","9","10","due",,"102201L610",,,,,"no",NULL,NULL,NULL,NULL,NULL,NULL,NULL,,NULL,"yes",NULL,NULL,NULL,NULL,"No",NULL,NULL,"Jun,2023",NULL,"2022-10-14 11:34:01",NULL
"175","6","6","9","10000","10","10","due",,"102201L610",,,,,"no",NULL,NULL,NULL,NULL,NULL,NULL,NULL,,NULL,"yes",NULL,NULL,NULL,NULL,"No",NULL,NULL,"Jul,2023",NULL,"2022-10-14 11:34:01",NULL
"176","2","6","10","10000","1","10","due",,"102201L6011",,,,,"no",NULL,NULL,NULL,NULL,NULL,NULL,NULL,,NULL,"yes",NULL,NULL,NULL,NULL,"No",NULL,NULL,"Oct,2022",NULL,"2022-10-14 11:34:09",NULL
"177","2","6","10","10000","2","10","due",,"102201L6011",,,,,"no",NULL,NULL,NULL,NULL,NULL,NULL,NULL,,NULL,"yes",NULL,NULL,NULL,NULL,"No",NULL,NULL,"Nov,2022",NULL,"2022-10-14 11:34:09",NULL
"178","2","6","10","10000","3","10","due",,"102201L6011",,,,,"no",NULL,NULL,NULL,NULL,NULL,NULL,NULL,,NULL,"yes",NULL,NULL,NULL,NULL,"No",NULL,NULL,"Dec,2022",NULL,"2022-10-14 11:34:09",NULL
"179","2","6","10","10000","4","10","due",,"102201L6011",,,,,"no",NULL,NULL,NULL,NULL,NULL,NULL,NULL,,NULL,"yes",NULL,NULL,NULL,NULL,"No",NULL,NULL,"Jan,2023",NULL,"2022-10-14 11:34:09",NULL
"180","2","6","10","10000","5","10","due",,"102201L6011",,,,,"no",NULL,NULL,NULL,NULL,NULL,NULL,NULL,,NULL,"yes",NULL,NULL,NULL,NULL,"No",NULL,NULL,"Feb,2023",NULL,"2022-10-14 11:34:09",NULL
"181","2","6","10","10000","6","10","due",,"102201L6011",,,,,"no",NULL,NULL,NULL,NULL,NULL,NULL,NULL,,NULL,"yes",NULL,NULL,NULL,NULL,"No",NULL,NULL,"Mar,2023",NULL,"2022-10-14 11:34:09",NULL
"182","2","6","10","10000","7","10","due",,"102201L6011",,,,,"no",NULL,NULL,NULL,NULL,NULL,NULL,NULL,,NULL,"yes",NULL,NULL,NULL,NULL,"No",NULL,NULL,"Apr,2023",NULL,"2022-10-14 11:34:09",NULL
"183","2","6","10","10000","8","10","due",,"102201L6011",,,,,"no",NULL,NULL,NULL,NULL,NULL,NULL,NULL,,NULL,"yes",NULL,NULL,NULL,NULL,"No",NULL,NULL,"May,2023",NULL,"2022-10-14 11:34:09",NULL
"184","2","6","10","10000","9","10","due",,"102201L6011",,,,,"no",NULL,NULL,NULL,NULL,NULL,NULL,NULL,,NULL,"yes",NULL,NULL,NULL,NULL,"No",NULL,NULL,"Jun,2023",NULL,"2022-10-14 11:34:09",NULL
"185","2","6","10","10000","10","10","due",,"102201L6011",,,,,"no",NULL,NULL,NULL,NULL,NULL,NULL,NULL,,NULL,"yes",NULL,NULL,NULL,NULL,"No",NULL,NULL,"Jul,2023",NULL,"2022-10-14 11:34:09",NULL
"186","2","6","10","10000","1","10","due",,"102201L6012",,,,,"no",NULL,NULL,NULL,NULL,NULL,NULL,NULL,,NULL,"yes",NULL,NULL,NULL,NULL,"No",NULL,NULL,"Oct,2022",NULL,"2022-10-14 11:34:17",NULL
"187","2","6","10","10000","2","10","due",,"102201L6012",,,,,"no",NULL,NULL,NULL,NULL,NULL,NULL,NULL,,NULL,"yes",NULL,NULL,NULL,NULL,"No",NULL,NULL,"Nov,2022",NULL,"2022-10-14 11:34:17",NULL
"188","2","6","10","10000","3","10","due",,"102201L6012",,,,,"no",NULL,NULL,NULL,NULL,NULL,NULL,NULL,,NULL,"yes",NULL,NULL,NULL,NULL,"No",NULL,NULL,"Dec,2022",NULL,"2022-10-14 11:34:17",NULL
"189","2","6","10","10000","4","10","due",,"102201L6012",,,,,"no",NULL,NULL,NULL,NULL,NULL,NULL,NULL,,NULL,"yes",NULL,NULL,NULL,NULL,"No",NULL,NULL,"Jan,2023",NULL,"2022-10-14 11:34:17",NULL
"190","2","6","10","10000","5","10","due",,"102201L6012",,,,,"no",NULL,NULL,NULL,NULL,NULL,NULL,NULL,,NULL,"yes",NULL,NULL,NULL,NULL,"No",NULL,NULL,"Feb,2023",NULL,"2022-10-14 11:34:17",NULL
"191","2","6","10","10000","6","10","due",,"102201L6012",,,,,"no",NULL,NULL,NULL,NULL,NULL,NULL,NULL,,NULL,"yes",NULL,NULL,NULL,NULL,"No",NULL,NULL,"Mar,2023",NULL,"2022-10-14 11:34:17",NULL
"192","2","6","10","10000","7","10","due",,"102201L6012",,,,,"no",NULL,NULL,NULL,NULL,NULL,NULL,NULL,,NULL,"yes",NULL,NULL,NULL,NULL,"No",NULL,NULL,"Apr,2023",NULL,"2022-10-14 11:34:17",NULL
"193","2","6","10","10000","8","10","due",,"102201L6012",,,,,"no",NULL,NULL,NULL,NULL,NULL,NULL,NULL,,NULL,"yes",NULL,NULL,NULL,NULL,"No",NULL,NULL,"May,2023",NULL,"2022-10-14 11:34:17",NULL
"194","2","6","10","10000","9","10","due",,"102201L6012",,,,,"no",NULL,NULL,NULL,NULL,NULL,NULL,NULL,,NULL,"yes",NULL,NULL,NULL,NULL,"No",NULL,NULL,"Jun,2023",NULL,"2022-10-14 11:34:17",NULL
"195","2","6","10","10000","10","10","due",,"102201L6012",,,,,"no",NULL,NULL,NULL,NULL,NULL,NULL,NULL,,NULL,"yes",NULL,NULL,NULL,NULL,"No",NULL,NULL,"Jul,2023",NULL,"2022-10-14 11:34:17",NULL
"196","1","6","10","10000","1","10","paid",,"102201L620",,,,,"no",NULL,NULL,NULL,NULL,NULL,NULL,NULL,,NULL,"yes",NULL,NULL,NULL,NULL,"No",NULL,NULL,"Oct,2022",NULL,"2022-10-14 11:34:49",NULL
"197","1","6","10","10000","2","10","due",,"102201L620",,,,,"no",NULL,NULL,NULL,NULL,NULL,NULL,NULL,,NULL,"yes",NULL,NULL,NULL,NULL,"No",NULL,NULL,"Nov,2022",NULL,"2022-10-14 11:34:49",NULL
"198","1","6","10","10000","3","10","due",,"102201L620",,,,,"no",NULL,NULL,NULL,NULL,NULL,NULL,NULL,,NULL,"yes",NULL,NULL,NULL,NULL,"No",NULL,NULL,"Dec,2022",NULL,"2022-10-14 11:34:49",NULL
"199","1","6","10","10000","4","10","due",,"102201L620",,,,,"no",NULL,NULL,NULL,NULL,NULL,NULL,NULL,,NULL,"yes",NULL,NULL,NULL,NULL,"No",NULL,NULL,"Jan,2023",NULL,"2022-10-14 11:34:49",NULL
"200","1","6","10","10000","5","10","due",,"102201L620",,,,,"no",NULL,NULL,NULL,NULL,NULL,NULL,NULL,,NULL,"yes",NULL,NULL,NULL,NULL,"No",NULL,NULL,"Feb,2023",NULL,"2022-10-14 11:34:49",NULL
"201","1","6","10","10000","6","10","due",,"102201L620",,,,,"no",NULL,NULL,NULL,NULL,NULL,NULL,NULL,,NULL,"yes",NULL,NULL,NULL,NULL,"No",NULL,NULL,"Mar,2023",NULL,"2022-10-14 11:34:49",NULL
"202","1","6","10","10000","7","10","due",,"102201L620",,,,,"no",NULL,NULL,NULL,NULL,NULL,NULL,NULL,,NULL,"yes",NULL,NULL,NULL,NULL,"No",NULL,NULL,"Apr,2023",NULL,"2022-10-14 11:34:49",NULL
"203","1","6","10","10000","8","10","due",,"102201L620",,,,,"no",NULL,NULL,NULL,NULL,NULL,NULL,NULL,,NULL,"yes",NULL,NULL,NULL,NULL,"No",NULL,NULL,"May,2023",NULL,"2022-10-14 11:34:49",NULL
"204","1","6","10","10000","9","10","due",,"102201L620",,,,,"no",NULL,NULL,NULL,NULL,NULL,NULL,NULL,,NULL,"yes",NULL,NULL,NULL,NULL,"No",NULL,NULL,"Jun,2023",NULL,"2022-10-14 11:34:49",NULL
"205","1","6","10","10000","10","10","due",,"102201L620",,,,,"no",NULL,NULL,NULL,NULL,NULL,NULL,NULL,,NULL,"yes",NULL,NULL,NULL,NULL,"No",NULL,NULL,"Jul,2023",NULL,"2022-10-14 11:34:49",NULL
"206","1","6","10","10000","1","10","paid",,"102201L6013",,,,,"no",NULL,NULL,NULL,NULL,NULL,NULL,NULL,,NULL,"yes",NULL,NULL,NULL,NULL,"No",NULL,NULL,"Oct,2022",NULL,"2022-10-14 11:34:55",NULL
"207","1","6","10","10000","2","10","due",,"102201L6013",,,,,"no",NULL,NULL,NULL,NULL,NULL,NULL,NULL,,NULL,"yes",NULL,NULL,NULL,NULL,"No",NULL,NULL,"Nov,2022",NULL,"2022-10-14 11:34:55",NULL
"208","1","6","10","10000","3","10","due",,"102201L6013",,,,,"no",NULL,NULL,NULL,NULL,NULL,NULL,NULL,,NULL,"yes",NULL,NULL,NULL,NULL,"No",NULL,NULL,"Dec,2022",NULL,"2022-10-14 11:34:55",NULL
"209","1","6","10","10000","4","10","due",,"102201L6013",,,,,"no",NULL,NULL,NULL,NULL,NULL,NULL,NULL,,NULL,"yes",NULL,NULL,NULL,NULL,"No",NULL,NULL,"Jan,2023",NULL,"2022-10-14 11:34:55",NULL
"210","1","6","10","10000","5","10","due",,"102201L6013",,,,,"no",NULL,NULL,NULL,NULL,NULL,NULL,NULL,,NULL,"yes",NULL,NULL,NULL,NULL,"No",NULL,NULL,"Feb,2023",NULL,"2022-10-14 11:34:55",NULL
"211","1","6","10","10000","6","10","due",,"102201L6013",,,,,"no",NULL,NULL,NULL,NULL,NULL,NULL,NULL,,NULL,"yes",NULL,NULL,NULL,NULL,"No",NULL,NULL,"Mar,2023",NULL,"2022-10-14 11:34:55",NULL
"212","1","6","10","10000","7","10","due",,"102201L6013",,,,,"no",NULL,NULL,NULL,NULL,NULL,NULL,NULL,,NULL,"yes",NULL,NULL,NULL,NULL,"No",NULL,NULL,"Apr,2023",NULL,"2022-10-14 11:34:55",NULL
"213","1","6","10","10000","8","10","due",,"102201L6013",,,,,"no",NULL,NULL,NULL,NULL,NULL,NULL,NULL,,NULL,"yes",NULL,NULL,NULL,NULL,"No",NULL,NULL,"May,2023",NULL,"2022-10-14 11:34:55",NULL
"214","1","6","10","10000","9","10","due",,"102201L6013",,,,,"no",NULL,NULL,NULL,NULL,NULL,NULL,NULL,,NULL,"yes",NULL,NULL,NULL,NULL,"No",NULL,NULL,"Jun,2023",NULL,"2022-10-14 11:34:55",NULL
"215","1","6","10","10000","10","10","due",,"102201L6013",,,,,"no",NULL,NULL,NULL,NULL,NULL,NULL,NULL,,NULL,"yes",NULL,NULL,NULL,NULL,"No",NULL,NULL,"Jul,2023",NULL,"2022-10-14 11:34:55",NULL
"216","9","6","10","10000","1","10","due",,"102201L6014",,,,,"no",NULL,NULL,NULL,NULL,NULL,NULL,NULL,,NULL,"yes",NULL,NULL,NULL,NULL,"No",NULL,NULL,"Oct,2022",NULL,"2022-10-14 11:35:00",NULL
"217","9","6","10","10000","2","10","due",,"102201L6014",,,,,"no",NULL,NULL,NULL,NULL,NULL,NULL,NULL,,NULL,"yes",NULL,NULL,NULL,NULL,"No",NULL,NULL,"Nov,2022",NULL,"2022-10-14 11:35:00",NULL
"218","9","6","10","10000","3","10","due",,"102201L6014",,,,,"no",NULL,NULL,NULL,NULL,NULL,NULL,NULL,,NULL,"yes",NULL,NULL,NULL,NULL,"No",NULL,NULL,"Dec,2022",NULL,"2022-10-14 11:35:00",NULL
"219","9","6","10","10000","4","10","due",,"102201L6014",,,,,"no",NULL,NULL,NULL,NULL,NULL,NULL,NULL,,NULL,"yes",NULL,NULL,NULL,NULL,"No",NULL,NULL,"Jan,2023",NULL,"2022-10-14 11:35:00",NULL
"220","9","6","10","10000","5","10","due",,"102201L6014",,,,,"no",NULL,NULL,NULL,NULL,NULL,NULL,NULL,,NULL,"yes",NULL,NULL,NULL,NULL,"No",NULL,NULL,"Feb,2023",NULL,"2022-10-14 11:35:00",NULL
"221","9","6","10","10000","6","10","due",,"102201L6014",,,,,"no",NULL,NULL,NULL,NULL,NULL,NULL,NULL,,NULL,"yes",NULL,NULL,NULL,NULL,"No",NULL,NULL,"Mar,2023",NULL,"2022-10-14 11:35:00",NULL
"222","9","6","10","10000","7","10","due",,"102201L6014",,,,,"no",NULL,NULL,NULL,NULL,NULL,NULL,NULL,,NULL,"yes",NULL,NULL,NULL,NULL,"No",NULL,NULL,"Apr,2023",NULL,"2022-10-14 11:35:00",NULL
"223","9","6","10","10000","8","10","due",,"102201L6014",,,,,"no",NULL,NULL,NULL,NULL,NULL,NULL,NULL,,NULL,"yes",NULL,NULL,NULL,NULL,"No",NULL,NULL,"May,2023",NULL,"2022-10-14 11:35:00",NULL
"224","9","6","10","10000","9","10","due",,"102201L6014",,,,,"no",NULL,NULL,NULL,NULL,NULL,NULL,NULL,,NULL,"yes",NULL,NULL,NULL,NULL,"No",NULL,NULL,"Jun,2023",NULL,"2022-10-14 11:35:00",NULL
"225","9","6","10","10000","10","10","due",,"102201L6014",,,,,"no",NULL,NULL,NULL,NULL,NULL,NULL,NULL,,NULL,"yes",NULL,NULL,NULL,NULL,"No",NULL,NULL,"Jul,2023",NULL,"2022-10-14 11:35:00",NULL
"226","8","6","10","10000","1","10","due",,"102201L6015",,,,,"no",NULL,NULL,NULL,NULL,NULL,NULL,NULL,,NULL,"yes",NULL,NULL,NULL,NULL,"No",NULL,NULL,"Oct,2022",NULL,"2022-10-14 11:35:05",NULL
"227","8","6","10","10000","2","10","due",,"102201L6015",,,,,"no",NULL,NULL,NULL,NULL,NULL,NULL,NULL,,NULL,"yes",NULL,NULL,NULL,NULL,"No",NULL,NULL,"Nov,2022",NULL,"2022-10-14 11:35:05",NULL
"228","8","6","10","10000","3","10","due",,"102201L6015",,,,,"no",NULL,NULL,NULL,NULL,NULL,NULL,NULL,,NULL,"yes",NULL,NULL,NULL,NULL,"No",NULL,NULL,"Dec,2022",NULL,"2022-10-14 11:35:05",NULL
"229","8","6","10","10000","4","10","due",,"102201L6015",,,,,"no",NULL,NULL,NULL,NULL,NULL,NULL,NULL,,NULL,"yes",NULL,NULL,NULL,NULL,"No",NULL,NULL,"Jan,2023",NULL,"2022-10-14 11:35:05",NULL
"230","8","6","10","10000","5","10","due",,"102201L6015",,,,,"no",NULL,NULL,NULL,NULL,NULL,NULL,NULL,,NULL,"yes",NULL,NULL,NULL,NULL,"No",NULL,NULL,"Feb,2023",NULL,"2022-10-14 11:35:05",NULL
"231","8","6","10","10000","6","10","due",,"102201L6015",,,,,"no",NULL,NULL,NULL,NULL,NULL,NULL,NULL,,NULL,"yes",NULL,NULL,NULL,NULL,"No",NULL,NULL,"Mar,2023",NULL,"2022-10-14 11:35:05",NULL
"232","8","6","10","10000","7","10","due",,"102201L6015",,,,,"no",NULL,NULL,NULL,NULL,NULL,NULL,NULL,,NULL,"yes",NULL,NULL,NULL,NULL,"No",NULL,NULL,"Apr,2023",NULL,"2022-10-14 11:35:05",NULL
"233","8","6","10","10000","8","10","due",,"102201L6015",,,,,"no",NULL,NULL,NULL,NULL,NULL,NULL,NULL,,NULL,"yes",NULL,NULL,NULL,NULL,"No",NULL,NULL,"May,2023",NULL,"2022-10-14 11:35:05",NULL
"234","8","6","10","10000","9","10","due",,"102201L6015",,,,,"no",NULL,NULL,NULL,NULL,NULL,NULL,NULL,,NULL,"yes",NULL,NULL,NULL,NULL,"No",NULL,NULL,"Jun,2023",NULL,"2022-10-14 11:35:05",NULL
"235","8","6","10","10000","10","10","due",,"102201L6015",,,,,"no",NULL,NULL,NULL,NULL,NULL,NULL,NULL,,NULL,"yes",NULL,NULL,NULL,NULL,"No",NULL,NULL,"Jul,2023",NULL,"2022-10-14 11:35:05",NULL
"236","10","6","10","10000","1","10","due",,"102201L6016",,,,,"no",NULL,NULL,NULL,NULL,NULL,NULL,NULL,,NULL,"yes",NULL,NULL,NULL,NULL,"No",NULL,NULL,"Oct,2022",NULL,"2022-10-14 11:35:11",NULL
"237","10","6","10","10000","2","10","due",,"102201L6016",,,,,"no",NULL,NULL,NULL,NULL,NULL,NULL,NULL,,NULL,"yes",NULL,NULL,NULL,NULL,"No",NULL,NULL,"Nov,2022",NULL,"2022-10-14 11:35:11",NULL
"238","10","6","10","10000","3","10","due",,"102201L6016",,,,,"no",NULL,NULL,NULL,NULL,NULL,NULL,NULL,,NULL,"yes",NULL,NULL,NULL,NULL,"No",NULL,NULL,"Dec,2022",NULL,"2022-10-14 11:35:11",NULL
"239","10","6","10","10000","4","10","due",,"102201L6016",,,,,"no",NULL,NULL,NULL,NULL,NULL,NULL,NULL,,NULL,"yes",NULL,NULL,NULL,NULL,"No",NULL,NULL,"Jan,2023",NULL,"2022-10-14 11:35:11",NULL
"240","10","6","10","10000","5","10","due",,"102201L6016",,,,,"no",NULL,NULL,NULL,NULL,NULL,NULL,NULL,,NULL,"yes",NULL,NULL,NULL,NULL,"No",NULL,NULL,"Feb,2023",NULL,"2022-10-14 11:35:11",NULL
"241","10","6","10","10000","6","10","due",,"102201L6016",,,,,"no",NULL,NULL,NULL,NULL,NULL,NULL,NULL,,NULL,"yes",NULL,NULL,NULL,NULL,"No",NULL,NULL,"Mar,2023",NULL,"2022-10-14 11:35:11",NULL
"242","10","6","10","10000","7","10","due",,"102201L6016",,,,,"no",NULL,NULL,NULL,NULL,NULL,NULL,NULL,,NULL,"yes",NULL,NULL,NULL,NULL,"No",NULL,NULL,"Apr,2023",NULL,"2022-10-14 11:35:11",NULL
"243","10","6","10","10000","8","10","due",,"102201L6016",,,,,"no",NULL,NULL,NULL,NULL,NULL,NULL,NULL,,NULL,"yes",NULL,NULL,NULL,NULL,"No",NULL,NULL,"May,2023",NULL,"2022-10-14 11:35:11",NULL
"244","10","6","10","10000","9","10","due",,"102201L6016",,,,,"no",NULL,NULL,NULL,NULL,NULL,NULL,NULL,,NULL,"yes",NULL,NULL,NULL,NULL,"No",NULL,NULL,"Jun,2023",NULL,"2022-10-14 11:35:11",NULL
"245","10","6","10","10000","10","10","due",,"102201L6016",,,,,"no",NULL,NULL,NULL,NULL,NULL,NULL,NULL,,NULL,"yes",NULL,NULL,NULL,NULL,"No",NULL,NULL,"Jul,2023",NULL,"2022-10-14 11:35:11",NULL
"246","8","6","10","10000","1","10","due",,"102201L6017",,,,,"no",NULL,NULL,NULL,NULL,NULL,NULL,NULL,,NULL,"yes",NULL,NULL,NULL,NULL,"No",NULL,NULL,"Oct,2022",NULL,"2022-10-14 11:35:23",NULL
"247","8","6","10","10000","2","10","due",,"102201L6017",,,,,"no",NULL,NULL,NULL,NULL,NULL,NULL,NULL,,NULL,"yes",NULL,NULL,NULL,NULL,"No",NULL,NULL,"Nov,2022",NULL,"2022-10-14 11:35:23",NULL
"248","8","6","10","10000","3","10","due",,"102201L6017",,,,,"no",NULL,NULL,NULL,NULL,NULL,NULL,NULL,,NULL,"yes",NULL,NULL,NULL,NULL,"No",NULL,NULL,"Dec,2022",NULL,"2022-10-14 11:35:23",NULL
"249","8","6","10","10000","4","10","due",,"102201L6017",,,,,"no",NULL,NULL,NULL,NULL,NULL,NULL,NULL,,NULL,"yes",NULL,NULL,NULL,NULL,"No",NULL,NULL,"Jan,2023",NULL,"2022-10-14 11:35:23",NULL
"250","8","6","10","10000","5","10","due",,"102201L6017",,,,,"no",NULL,NULL,NULL,NULL,NULL,NULL,NULL,,NULL,"yes",NULL,NULL,NULL,NULL,"No",NULL,NULL,"Feb,2023",NULL,"2022-10-14 11:35:23",NULL
"251","8","6","10","10000","6","10","due",,"102201L6017",,,,,"no",NULL,NULL,NULL,NULL,NULL,NULL,NULL,,NULL,"yes",NULL,NULL,NULL,NULL,"No",NULL,NULL,"Mar,2023",NULL,"2022-10-14 11:35:23",NULL
"252","8","6","10","10000","7","10","due",,"102201L6017",,,,,"no",NULL,NULL,NULL,NULL,NULL,NULL,NULL,,NULL,"yes",NULL,NULL,NULL,NULL,"No",NULL,NULL,"Apr,2023",NULL,"2022-10-14 11:35:23",NULL
"253","8","6","10","10000","8","10","due",,"102201L6017",,,,,"no",NULL,NULL,NULL,NULL,NULL,NULL,NULL,,NULL,"yes",NULL,NULL,NULL,NULL,"No",NULL,NULL,"May,2023",NULL,"2022-10-14 11:35:23",NULL
"254","8","6","10","10000","9","10","due",,"102201L6017",,,,,"no",NULL,NULL,NULL,NULL,NULL,NULL,NULL,,NULL,"yes",NULL,NULL,NULL,NULL,"No",NULL,NULL,"Jun,2023",NULL,"2022-10-14 11:35:23",NULL
"255","8","6","10","10000","10","10","due",,"102201L6017",,,,,"no",NULL,NULL,NULL,NULL,NULL,NULL,NULL,,NULL,"yes",NULL,NULL,NULL,NULL,"No",NULL,NULL,"Jul,2023",NULL,"2022-10-14 11:35:23",NULL
"256","9","6","10","10000","1","10","due",,"102201L6018",,,,,"no",NULL,NULL,NULL,NULL,NULL,NULL,NULL,,NULL,"yes",NULL,NULL,NULL,NULL,"No",NULL,NULL,"Oct,2022",NULL,"2022-10-14 11:35:31",NULL
"257","9","6","10","10000","2","10","due",,"102201L6018",,,,,"no",NULL,NULL,NULL,NULL,NULL,NULL,NULL,,NULL,"yes",NULL,NULL,NULL,NULL,"No",NULL,NULL,"Nov,2022",NULL,"2022-10-14 11:35:31",NULL
"258","9","6","10","10000","3","10","due",,"102201L6018",,,,,"no",NULL,NULL,NULL,NULL,NULL,NULL,NULL,,NULL,"yes",NULL,NULL,NULL,NULL,"No",NULL,NULL,"Dec,2022",NULL,"2022-10-14 11:35:31",NULL
"259","9","6","10","10000","4","10","due",,"102201L6018",,,,,"no",NULL,NULL,NULL,NULL,NULL,NULL,NULL,,NULL,"yes",NULL,NULL,NULL,NULL,"No",NULL,NULL,"Jan,2023",NULL,"2022-10-14 11:35:31",NULL
"260","9","6","10","10000","5","10","due",,"102201L6018",,,,,"no",NULL,NULL,NULL,NULL,NULL,NULL,NULL,,NULL,"yes",NULL,NULL,NULL,NULL,"No",NULL,NULL,"Feb,2023",NULL,"2022-10-14 11:35:31",NULL
"261","9","6","10","10000","6","10","due",,"102201L6018",,,,,"no",NULL,NULL,NULL,NULL,NULL,NULL,NULL,,NULL,"yes",NULL,NULL,NULL,NULL,"No",NULL,NULL,"Mar,2023",NULL,"2022-10-14 11:35:31",NULL
"262","9","6","10","10000","7","10","due",,"102201L6018",,,,,"no",NULL,NULL,NULL,NULL,NULL,NULL,NULL,,NULL,"yes",NULL,NULL,NULL,NULL,"No",NULL,NULL,"Apr,2023",NULL,"2022-10-14 11:35:31",NULL
"263","9","6","10","10000","8","10","due",,"102201L6018",,,,,"no",NULL,NULL,NULL,NULL,NULL,NULL,NULL,,NULL,"yes",NULL,NULL,NULL,NULL,"No",NULL,NULL,"May,2023",NULL,"2022-10-14 11:35:31",NULL
"264","9","6","10","10000","9","10","due",,"102201L6018",,,,,"no",NULL,NULL,NULL,NULL,NULL,NULL,NULL,,NULL,"yes",NULL,NULL,NULL,NULL,"No",NULL,NULL,"Jun,2023",NULL,"2022-10-14 11:35:31",NULL
"265","9","6","10","10000","10","10","due",,"102201L6018",,,,,"no",NULL,NULL,NULL,NULL,NULL,NULL,NULL,,NULL,"yes",NULL,NULL,NULL,NULL,"No",NULL,NULL,"Jul,2023",NULL,"2022-10-14 11:35:31",NULL
"266","9","6","10","10000","1","10","due",,"102201L6019",,,,,"no",NULL,NULL,NULL,NULL,NULL,NULL,NULL,,NULL,"yes",NULL,NULL,NULL,NULL,"No",NULL,NULL,"Oct,2022",NULL,"2022-10-14 11:35:36",NULL
"267","9","6","10","10000","2","10","due",,"102201L6019",,,,,"no",NULL,NULL,NULL,NULL,NULL,NULL,NULL,,NULL,"yes",NULL,NULL,NULL,NULL,"No",NULL,NULL,"Nov,2022",NULL,"2022-10-14 11:35:36",NULL
"268","9","6","10","10000","3","10","due",,"102201L6019",,,,,"no",NULL,NULL,NULL,NULL,NULL,NULL,NULL,,NULL,"yes",NULL,NULL,NULL,NULL,"No",NULL,NULL,"Dec,2022",NULL,"2022-10-14 11:35:36",NULL
"269","9","6","10","10000","4","10","due",,"102201L6019",,,,,"no",NULL,NULL,NULL,NULL,NULL,NULL,NULL,,NULL,"yes",NULL,NULL,NULL,NULL,"No",NULL,NULL,"Jan,2023",NULL,"2022-10-14 11:35:36",NULL
"270","9","6","10","10000","5","10","due",,"102201L6019",,,,,"no",NULL,NULL,NULL,NULL,NULL,NULL,NULL,,NULL,"yes",NULL,NULL,NULL,NULL,"No",NULL,NULL,"Feb,2023",NULL,"2022-10-14 11:35:36",NULL
"271","9","6","10","10000","6","10","due",,"102201L6019",,,,,"no",NULL,NULL,NULL,NULL,NULL,NULL,NULL,,NULL,"yes",NULL,NULL,NULL,NULL,"No",NULL,NULL,"Mar,2023",NULL,"2022-10-14 11:35:36",NULL
"272","9","6","10","10000","7","10","due",,"102201L6019",,,,,"no",NULL,NULL,NULL,NULL,NULL,NULL,NULL,,NULL,"yes",NULL,NULL,NULL,NULL,"No",NULL,NULL,"Apr,2023",NULL,"2022-10-14 11:35:36",NULL
"273","9","6","10","10000","8","10","due",,"102201L6019",,,,,"no",NULL,NULL,NULL,NULL,NULL,NULL,NULL,,NULL,"yes",NULL,NULL,NULL,NULL,"No",NULL,NULL,"May,2023",NULL,"2022-10-14 11:35:36",NULL
"274","9","6","10","10000","9","10","due",,"102201L6019",,,,,"no",NULL,NULL,NULL,NULL,NULL,NULL,NULL,,NULL,"yes",NULL,NULL,NULL,NULL,"No",NULL,NULL,"Jun,2023",NULL,"2022-10-14 11:35:36",NULL
"275","9","6","10","10000","10","10","due",,"102201L6019",,,,,"no",NULL,NULL,NULL,NULL,NULL,NULL,NULL,,NULL,"yes",NULL,NULL,NULL,NULL,"No",NULL,NULL,"Jul,2023",NULL,"2022-10-14 11:35:36",NULL
"276","11","7","11","100000","1","10","paid","1000","122210L701",,,,,"no",NULL,NULL,NULL,NULL,NULL,NULL,NULL,,NULL,"yes",NULL,NULL,NULL,NULL,"Yes","99000","0","Dec,2022",NULL,"2022-12-14 04:51:51",NULL
"277","11","7","11","100000","2","10","due",,"122210L701",,,,,"no",NULL,NULL,NULL,NULL,NULL,NULL,NULL,,NULL,"yes",NULL,NULL,NULL,NULL,"No",NULL,NULL,"Jan,2023",NULL,"2022-12-14 04:51:51",NULL
"278","11","7","11","100000","3","10","due",,"122210L701",,,,,"no",NULL,NULL,NULL,NULL,NULL,NULL,NULL,,NULL,"yes",NULL,NULL,NULL,NULL,"No",NULL,NULL,"Feb,2023",NULL,"2022-12-14 04:51:51",NULL
"279","11","7","11","100000","4","10","due",,"122210L701",,,,,"no",NULL,NULL,NULL,NULL,NULL,NULL,NULL,,NULL,"yes",NULL,NULL,NULL,NULL,"No",NULL,NULL,"Mar,2023",NULL,"2022-12-14 04:51:51",NULL
"280","11","7","11","100000","5","10","due",,"122210L701",,,,,"no",NULL,NULL,NULL,NULL,NULL,NULL,NULL,,NULL,"yes",NULL,NULL,NULL,NULL,"No",NULL,NULL,"Apr,2023",NULL,"2022-12-14 04:51:51",NULL
"281","11","7","11","100000","6","10","due",,"122210L701",,,,,"no",NULL,NULL,NULL,NULL,NULL,NULL,NULL,,NULL,"yes",NULL,NULL,NULL,NULL,"No",NULL,NULL,"May,2023",NULL,"2022-12-14 04:51:51",NULL
"282","11","7","11","100000","7","10","due",,"122210L701",,,,,"no",NULL,NULL,NULL,NULL,NULL,NULL,NULL,,NULL,"yes",NULL,NULL,NULL,NULL,"No",NULL,NULL,"Jun,2023",NULL,"2022-12-14 04:51:51",NULL
"283","11","7","11","100000","8","10","due",,"122210L701",,,,,"no",NULL,NULL,NULL,NULL,NULL,NULL,NULL,,NULL,"yes",NULL,NULL,NULL,NULL,"No",NULL,NULL,"Jul,2023",NULL,"2022-12-14 04:51:51",NULL
"284","11","7","11","100000","9","10","due",,"122210L701",,,,,"no",NULL,NULL,NULL,NULL,NULL,NULL,NULL,,NULL,"yes",NULL,NULL,NULL,NULL,"No",NULL,NULL,"Aug,2023",NULL,"2022-12-14 04:51:51",NULL
"285","11","7","11","100000","10","10","due",,"122210L701",,,,,"no",NULL,NULL,NULL,NULL,NULL,NULL,NULL,,NULL,"yes",NULL,NULL,NULL,NULL,"No",NULL,NULL,"Sep,2023",NULL,"2022-12-14 04:51:51",NULL
"286","11","9","14","100000","1","10","due",,"122210L901",,,,,"no",NULL,NULL,NULL,NULL,NULL,NULL,NULL,,NULL,"yes",NULL,NULL,NULL,NULL,"Yes","10","99990","Dec,2022",NULL,"2022-12-17 02:30:38",NULL
"287","11","9","14","100000","2","10","due",,"122210L901",,,,,"no",NULL,NULL,NULL,NULL,NULL,NULL,NULL,,NULL,"yes",NULL,NULL,NULL,NULL,"No",NULL,NULL,"Jan,2023",NULL,"2022-12-17 02:30:38",NULL
"288","11","9","14","100000","3","10","due",,"122210L901",,,,,"no",NULL,NULL,NULL,NULL,NULL,NULL,NULL,,NULL,"yes",NULL,NULL,NULL,NULL,"No",NULL,NULL,"Feb,2023",NULL,"2022-12-17 02:30:38",NULL
"289","11","9","14","100000","4","10","due",,"122210L901",,,,,"no",NULL,NULL,NULL,NULL,NULL,NULL,NULL,,NULL,"yes",NULL,NULL,NULL,NULL,"No",NULL,NULL,"Mar,2023",NULL,"2022-12-17 02:30:38",NULL
"290","11","9","14","100000","5","10","due",,"122210L901",,,,,"no",NULL,NULL,NULL,NULL,NULL,NULL,NULL,,NULL,"yes",NULL,NULL,NULL,NULL,"No",NULL,NULL,"Apr,2023",NULL,"2022-12-17 02:30:38",NULL
"291","11","9","14","100000","6","10","due",,"122210L901",,,,,"no",NULL,NULL,NULL,NULL,NULL,NULL,NULL,,NULL,"yes",NULL,NULL,NULL,NULL,"No",NULL,NULL,"May,2023",NULL,"2022-12-17 02:30:38",NULL
"292","11","9","14","100000","7","10","due",,"122210L901",,,,,"no",NULL,NULL,NULL,NULL,NULL,NULL,NULL,,NULL,"yes",NULL,NULL,NULL,NULL,"No",NULL,NULL,"Jun,2023",NULL,"2022-12-17 02:30:38",NULL
"293","11","9","14","100000","8","10","due",,"122210L901",,,,,"no",NULL,NULL,NULL,NULL,NULL,NULL,NULL,,NULL,"yes",NULL,NULL,NULL,NULL,"No",NULL,NULL,"Jul,2023",NULL,"2022-12-17 02:30:38",NULL
"294","11","9","14","100000","9","10","due",,"122210L901",,,,,"no",NULL,NULL,NULL,NULL,NULL,NULL,NULL,,NULL,"yes",NULL,NULL,NULL,NULL,"No",NULL,NULL,"Aug,2023",NULL,"2022-12-17 02:30:38",NULL
"295","11","9","14","100000","10","10","due",,"122210L901",,,,,"no",NULL,NULL,NULL,NULL,NULL,NULL,NULL,,NULL,"yes",NULL,NULL,NULL,NULL,"No",NULL,NULL,"Sep,2023",NULL,"2022-12-17 02:30:38",NULL
"296","11","7","11","100000","1","10","due",,"122210L702",,,,,"no",NULL,NULL,NULL,NULL,NULL,NULL,NULL,,NULL,"yes",NULL,NULL,NULL,NULL,"No",NULL,NULL,"Dec,2022",NULL,"2022-12-17 02:30:40",NULL
"297","11","7","11","100000","2","10","due",,"122210L702",,,,,"no",NULL,NULL,NULL,NULL,NULL,NULL,NULL,,NULL,"yes",NULL,NULL,NULL,NULL,"No",NULL,NULL,"Jan,2023",NULL,"2022-12-17 02:30:40",NULL
"298","11","7","11","100000","3","10","due",,"122210L702",,,,,"no",NULL,NULL,NULL,NULL,NULL,NULL,NULL,,NULL,"yes",NULL,NULL,NULL,NULL,"No",NULL,NULL,"Feb,2023",NULL,"2022-12-17 02:30:40",NULL
"299","11","7","11","100000","4","10","due",,"122210L702",,,,,"no",NULL,NULL,NULL,NULL,NULL,NULL,NULL,,NULL,"yes",NULL,NULL,NULL,NULL,"No",NULL,NULL,"Mar,2023",NULL,"2022-12-17 02:30:40",NULL
"300","11","7","11","100000","5","10","due",,"122210L702",,,,,"no",NULL,NULL,NULL,NULL,NULL,NULL,NULL,,NULL,"yes",NULL,NULL,NULL,NULL,"No",NULL,NULL,"Apr,2023",NULL,"2022-12-17 02:30:40",NULL
"301","11","7","11","100000","6","10","due",,"122210L702",,,,,"no",NULL,NULL,NULL,NULL,NULL,NULL,NULL,,NULL,"yes",NULL,NULL,NULL,NULL,"No",NULL,NULL,"May,2023",NULL,"2022-12-17 02:30:40",NULL
"302","11","7","11","100000","7","10","due",,"122210L702",,,,,"no",NULL,NULL,NULL,NULL,NULL,NULL,NULL,,NULL,"yes",NULL,NULL,NULL,NULL,"No",NULL,NULL,"Jun,2023",NULL,"2022-12-17 02:30:40",NULL
"303","11","7","11","100000","8","10","due",,"122210L702",,,,,"no",NULL,NULL,NULL,NULL,NULL,NULL,NULL,,NULL,"yes",NULL,NULL,NULL,NULL,"No",NULL,NULL,"Jul,2023",NULL,"2022-12-17 02:30:40",NULL
"304","11","7","11","100000","9","10","due",,"122210L702",,,,,"no",NULL,NULL,NULL,NULL,NULL,NULL,NULL,,NULL,"yes",NULL,NULL,NULL,NULL,"No",NULL,NULL,"Aug,2023",NULL,"2022-12-17 02:30:40",NULL
"305","11","7","11","100000","10","10","due",,"122210L702",,,,,"no",NULL,NULL,NULL,NULL,NULL,NULL,NULL,,NULL,"yes",NULL,NULL,NULL,NULL,"No",NULL,NULL,"Sep,2023",NULL,"2022-12-17 02:30:40",NULL
